LogRegAcc,NaiveBayesAcc,RandomForestAcc,LogRegPre,NaiveBayesPre,RandomForestPre,LogRecRe,NaiveBayesRe,RandomForestRe
0.92152,0.90152,0.6813,1,0.9221,1,1,0.9,1
0.93444,0.92631,0.7017,1,0.9293,1,1,0.90021,1
0.94661,0.93676,0.7312,1,0.9346,1,1,0.90053,1
0.95211,0.94352,0.7512,1,0.9401,1,1,0.9006,1
0.96651,0.95278,0.7799,1,0.9498,1,1,0.90067,1